Start_UTC,time_UTC, Latitude, Longitude, GPS_Alt, qual_flag, amass_aer, AOD0355, AOD0380, AOD0452, AOD0470, AOD0501, AOD0520, AOD0530, AOD0532, AOD0550, AOD0606, AOD0620, AOD0660, AOD0675, AOD0700, AOD0781, AOD0865, AOD1020, AOD1040, AOD1064, AOD1236, AOD1250, AOD1559, AOD1627, AOD1650, UNCAOD0355, UNCAOD0380, UNCAOD0452, UNCAOD0470, UNCAOD0501, UNCAOD0520, UNCAOD0530, UNCAOD0532, UNCAOD0550, UNCAOD0606, UNCAOD0620, UNCAOD0660, UNCAOD0675, UNCAOD0700, UNCAOD0781, UNCAOD0865, UNCAOD1020, UNCAOD1040, UNCAOD1064, UNCAOD1236, UNCAOD1250, UNCAOD1559, UNCAOD1627, UNCAOD1650
40598,11:16:38,-9.7146925,-0.2799075,1157.3,0,1.045,0.51,0.486,0.407,0.388,0.356,0.335,0.326,0.325,0.309,0.265,0.252,0.227,0.215,0.235,0.162,0.131,0.097,0.092,0.09,0.075,0.074,0.051,0.038,0.046,0.012,0.012,0.012,0.009,0.009,0.009,0.009,0.009,0.008,0.008,0.008,0.008,0.006,0.007,0.006,0.004,0.01,0.008,0.008,0.007,0.007,0.006,0.01,0.02
40599,11:16:39,-9.7132567,-0.2813433,1149.1,0,1.045,0.509,0.485,0.408,0.389,0.358,0.338,0.329,0.328,0.312,0.269,0.256,0.23,0.219,0.238,0.166,0.135,0.526,0.524,0.526,0.533,0.535,0.545,0.549,0.566,0.011,0.012,0.008,0.005,0.006,0.006,0.006,0.005,0.004,0.006,0.005,0.003,0.004,0.004,0.003,0.004,0.007,0.008,0.008,0.008,0.007,0.006,0.011,0.016
40600,11:16:40,-9.7121595,-0.2823804,1143,1,1.045,0.793,0.769,0.698,0.681,0.654,0.635,0.627,0.627,0.612,0.576,0.564,0.545,0.535,0.558,0.495,0.476,0.594,0.591,0.594,0.604,0.602,0.623,0.622,0.636,0.011,0.01,0.008,0.006,0.006,0.005,0.006,0.004,0.004,0.007,0.004,0.004,0.003,0.004,0.003,0.004,0.009,0.008,0.008,0.007,0.01,0.007,0.015,0.02
40601,11:16:41,-9.7113431,-0.2831569,1138.5,1,1.045,2.343,2.332,2.313,2.308,2.303,2.299,2.296,2.299,2.297,2.3,2.298,2.306,2.304,2.346,2.338,2.375,2.713,2.69,2.719,2.836,2.825,2.956,2.677,2.484,0.011,0.009,0.007,0.005,0.005,0.005,0.005,0.004,0.003,0.006,0.004,0.003,0.003,0.004,0.003,0.004,0.02,0.018,0.024,0.027,0.027,0.06,0.082,0.133
40602,11:16:42,-9.710568,-0.2839735,1133.9,1,1.045,2.343,2.332,2.313,2.308,2.303,2.299,2.296,2.299,2.297,2.3,2.298,2.306,2.304,2.346,2.338,2.375,2.713,2.69,2.719,2.836,2.825,2.956,2.677,2.484,0.011,0.009,0.007,0.005,0.005,0.005,0.005,0.004,0.003,0.006,0.004,0.003,0.003,0.004,0.003,0.004,0.02,0.018,0.024,0.027,0.027,0.06,0.082,0.133
40603,11:16:43,-9.7098038,-0.2847633,1129.7,1,1.045,2.35,2.336,2.313,2.311,2.302,2.296,2.296,2.296,2.293,2.293,2.29,2.293,2.297,2.336,2.324,2.363,1.809,1.801,1.812,1.891,1.892,1.978,1.992,1.815,0.022,0.019,0.019,0.014,0.015,0.014,0.013,0.014,0.012,0.012,0.011,0.01,0.01,0.01,0.009,0.01,0.014,0.01,0.011,0.014,0.014,0.027,0.03,0.046
40604,11:16:44,-9.7089841,-0.2855159,1125.8,1,1.045,1.131,1.113,1.051,1.036,1.011,0.995,0.988,0.989,0.976,0.946,0.936,0.923,0.914,0.94,0.89,0.884,0.74,0.737,0.741,0.762,0.762,0.795,0.779,0.802,0.01,0.009,0.007,0.005,0.005,0.005,0.005,0.004,0.003,0.006,0.004,0.003,0.003,0.004,0.003,0.004,0.01,0.009,0.008,0.007,0.01,0.008,0.012,0.018
40605,11:16:45,-9.7081708,-0.2863292,1121.3,1,1.045,2.173,2.167,2.136,2.127,2.116,2.107,2.108,2.108,2.104,2.096,2.091,2.095,2.089,2.13,2.113,2.136,3.18,3.209,3.268,3.315,3.429,3.423,3.001,2.808,0.014,0.014,0.01,0.01,0.009,0.009,0.009,0.011,0.01,0.011,0.007,0.009,0.009,0.008,0.006,0.006,0.031,0.028,0.042,0.048,0.045,0.132,0.134,0.329
40606,11:16:46,-9.7073482,-0.2871518,1116.8,1,1.045,3.045,3.032,3.046,3.045,3.057,3.059,3.06,3.063,3.065,3.092,3.096,3.122,3.122,3.174,3.192,3.258,3.398,3.534,3.544,3.488,3.711,3.521,3.213,2.808,0.016,0.011,0.009,0.008,0.007,0.008,0.007,0.008,0.007,0.009,0.007,0.007,0.008,0.006,0.005,0.004,0.043,0.039,0.053,0.058,0.061,0.132,0.178,0.329
40607,11:16:47,-9.7065255,-0.2879745,1113.1,1,1.045,3.042,3.044,3.043,3.045,3.046,3.047,3.048,3.054,3.051,3.068,3.067,3.088,3.092,3.132,3.133,3.18,3.667,3.962,3.812,3.734,4.142,3.695,3.388,2.935,0.015,0.013,0.01,0.01,0.009,0.008,0.007,0.009,0.008,0.01,0.007,0.006,0.009,0.007,0.007,0.011,0.065,0.061,0.091,0.102,0.104,0.23,0.269,0.509
40608,11:16:48,-9.7057136,-0.288699,1108.6,1,1.045,3.093,3.086,3.047,3.04,3.032,3.023,3.021,3.02,3.013,3.01,3.001,3.003,3.002,3.038,3.011,3.021,3.367,3.511,3.503,3.511,3.686,3.618,3.437,2.977,0.015,0.011,0.011,0.009,0.008,0.009,0.007,0.008,0.007,0.009,0.007,0.008,0.008,0.006,0.007,0.004,0.04,0.039,0.053,0.07,0.058,0.196,0.314,0.587
40609,11:16:49,-9.7048925,-0.2895075,1104.1,1,1.045,3.864,3.86,3.883,3.893,3.904,3.915,3.919,3.92,3.932,3.963,3.966,3.996,4,4.05,4.083,4.143,3.667,3.95,3.833,3.711,3.891,3.611,3.388,2.977,0.021,0.012,0.008,0.007,0.007,0.007,0.007,0.006,0.005,0.009,0.006,0.006,0.006,0.005,0.008,0.008,0.061,0.056,0.081,0.095,0.102,0.176,0.268,0.587
40610,11:16:50,-9.7040784,-0.2903216,1100.2,1,1.045,3.101,3.094,3.083,3.084,3.073,3.072,3.072,3.073,3.066,3.069,3.064,3.075,3.072,3.11,3.09,3.114,3.401,3.535,3.556,3.453,3.702,3.463,3.242,2.698,0.013,0.01,0.007,0.005,0.006,0.006,0.006,0.005,0.004,0.008,0.005,0.005,0.005,0.005,0.006,0.007,0.041,0.041,0.053,0.061,0.058,0.133,0.22,0.229
40611,11:16:51,-9.702719,-0.2916209,1093,1,1.045,3.837,3.852,3.823,3.818,3.812,3.803,3.806,3.807,3.805,3.8,3.796,3.807,3.799,3.842,3.838,3.866,3.267,3.306,3.31,3.337,3.443,3.336,3.026,2.717,0.02,0.012,0.008,0.006,0.006,0.007,0.006,0.005,0.004,0.009,0.005,0.005,0.005,0.005,0.007,0.007,0.035,0.032,0.043,0.048,0.046,0.106,0.124,0.244
40612,11:16:52,-9.7015368,-0.2927632,1086.4,1,1.045,1.976,1.973,1.946,1.941,1.929,1.922,1.922,1.921,1.917,1.911,1.906,1.909,1.905,1.941,1.915,1.93,1.255,1.261,1.268,1.293,1.298,1.359,1.35,1.398,0.015,0.012,0.011,0.01,0.009,0.008,0.009,0.008,0.006,0.009,0.008,0.01,0.005,0.006,0.009,0.008,0.01,0.011,0.013,0.009,0.013,0.03,0.026,0.036
40613,11:16:53,-9.7007194,-0.2935383,1081.9,1,1.045,1.976,1.973,1.946,1.941,1.929,1.922,1.922,1.921,1.917,1.911,1.906,1.909,1.905,1.941,1.915,1.93,1.255,1.261,1.268,1.293,1.298,1.359,1.35,1.398,0.015,0.012,0.011,0.01,0.009,0.008,0.009,0.008,0.006,0.009,0.008,0.01,0.005,0.006,0.009,0.008,0.01,0.011,0.013,0.009,0.013,0.03,0.026,0.036
40614,11:16:54,-9.7003793,-0.2938233,1078.7,1,1.045,1.193,1.18,1.123,1.108,1.087,1.072,1.066,1.066,1.056,1.031,1.019,1.009,0.999,1.029,0.979,0.971,1.76,1.764,1.771,1.832,1.839,1.906,1.924,1.783,0.01,0.009,0.007,0.005,0.005,0.005,0.005,0.004,0.003,0.007,0.004,0.003,0.005,0.004,0.004,0.003,0.011,0.01,0.011,0.012,0.011,0.027,0.028,0.05
42333,11:45:33,-10.8688736,0.8764683,1333.3,1,1.035,5.952,5.913,6.003,6.012,6.024,6.019,6.011,6.018,6.039,6.037,6.022,6.041,6.005,6.063,5.959,5.908,4.747,5.694,4.462,4.035,4.748,4.335,5.529,3.176,-9999,-9999,-9999,-9999,-9999,-9999,-9999,-9999,-9999,-9999,-9999,-9999,-9999,-9999,-9999,-9999,-9999,-9999,-9999,-9999,-9999,-9999,-9999,-9999
42334,11:45:34,-10.8695807,0.8771807,1334.5,1,1.035,5.952,5.913,6.003,6.012,6.024,6.019,6.011,6.018,6.039,6.037,6.022,6.041,6.005,6.063,5.959,5.908,4.747,5.694,4.462,4.035,4.748,4.335,5.529,3.176,-9999,-9999,-9999,-9999,-9999,-9999,-9999,-9999,-9999,-9999,-9999,-9999,-9999,-9999,-9999,-9999,-9999,-9999,-9999,-9999,-9999,-9999,-9999,-9999
42335,11:45:35,-10.8700826,0.8776826,1335.7,1,1.035,1.156,1.136,1.065,1.048,1.022,1.004,0.999,0.998,0.985,0.949,0.937,0.919,0.906,0.924,0.864,0.84,0.104,0.103,0.101,0.092,0.09,0.077,0.058,0.08,0.024,0.029,0.025,0.023,0.025,0.023,0.023,0.022,0.023,0.024,0.022,0.023,0.023,0.021,0.02,0.027,0.02,0.021,0.018,0.016,0.023,0.018,0.01,0.032
42336,11:45:36,-10.8707526,0.8783526,1337.4,0,1.035,0.441,0.421,0.353,0.336,0.309,0.291,0.284,0.284,0.271,0.234,0.222,0.203,0.193,0.208,0.149,0.122,0.091,0.085,0.085,0.072,0.071,0.051,0.041,0.063,0.01,0.009,0.007,0.005,0.005,0.005,0.005,0.003,0.003,0.006,0.004,0.003,0.003,0.004,0.003,0.004,0.01,0.008,0.007,0.007,0.009,0.006,0.01,0.014
42337,11:45:37,-10.8719609,0.8796209,1339.8,0,1.035,0.447,0.423,0.354,0.337,0.31,0.294,0.286,0.285,0.272,0.234,0.223,0.203,0.194,0.209,0.149,0.125,0.094,0.085,0.087,0.074,0.071,0.051,0.048,0.06,0.011,0.009,0.007,0.005,0.005,0.006,0.006,0.005,0.004,0.007,0.005,0.003,0.004,0.004,0.003,0.005,0.011,0.01,0.007,0.009,0.008,0.005,0.021,0.012
42338,11:45:38,-10.8730061,0.8807061,1341.5,0,1.035,0.447,0.425,0.356,0.339,0.312,0.294,0.287,0.286,0.273,0.235,0.223,0.203,0.194,0.21,0.15,0.123,0.093,0.086,0.088,0.073,0.072,0.056,0.044,0.061,0.015,0.009,0.009,0.006,0.006,0.006,0.006,0.005,0.005,0.007,0.005,0.003,0.003,0.005,0.004,0.003,0.007,0.007,0.009,0.01,0.007,0.009,0.01,0.012
42339,11:45:39,-10.873732,0.881432,1342.4,0,1.035,0.447,0.425,0.356,0.339,0.312,0.294,0.287,0.286,0.273,0.235,0.223,0.203,0.194,0.21,0.15,0.123,0.093,0.086,0.088,0.073,0.072,0.056,0.044,0.061,0.015,0.009,0.009,0.006,0.006,0.006,0.006,0.005,0.005,0.007,0.005,0.003,0.003,0.005,0.004,0.003,0.007,0.007,0.009,0.01,0.007,0.009,0.01,0.012
42340,11:45:40,-10.8744633,0.8821962,1343.3,0,1.035,0.448,0.423,0.355,0.337,0.311,0.293,0.286,0.286,0.273,0.234,0.223,0.203,0.194,0.209,0.149,0.124,0.094,0.085,0.088,0.073,0.072,0.053,0.043,0.062,0.011,0.01,0.009,0.006,0.006,0.006,0.005,0.005,0.005,0.007,0.006,0.003,0.005,0.005,0.004,0.004,0.015,0.007,0.008,0.007,0.007,0.009,0.01,0.009
42341,11:45:41,-10.8751919,0.8829919,1344.5,0,1.035,0.447,0.424,0.356,0.339,0.312,0.294,0.288,0.286,0.273,0.235,0.224,0.205,0.195,0.211,0.151,0.125,0.096,0.086,0.089,0.074,0.074,0.055,0.051,0.069,0.01,0.009,0.007,0.006,0.006,0.006,0.005,0.004,0.004,0.008,0.005,0.005,0.005,0.005,0.005,0.003,0.008,0.008,0.008,0.007,0.007,0.018,0.015,0.012
42342,11:45:42,-10.8759148,0.8837148,1346,0,1.035,0.446,0.424,0.356,0.339,0.312,0.294,0.287,0.286,0.273,0.235,0.224,0.204,0.193,0.21,0.15,0.123,0.093,0.087,0.087,0.074,0.072,0.055,0.047,0.069,0.014,0.01,0.009,0.006,0.007,0.006,0.008,0.006,0.005,0.007,0.005,0.005,0.004,0.004,0.003,0.003,0.006,0.01,0.009,0.008,0.008,0.007,0.024,0.013
42343,11:45:43,-10.8766461,0.8844461,1346.1,0,1.035,0.448,0.424,0.356,0.34,0.312,0.295,0.286,0.286,0.274,0.236,0.224,0.204,0.194,0.211,0.151,0.124,0.093,0.087,0.087,0.073,0.074,0.053,0.05,0.059,0.011,0.009,0.008,0.006,0.006,0.006,0.005,0.004,0.005,0.007,0.006,0.003,0.005,0.004,0.003,0.004,0.014,0.007,0.008,0.007,0.007,0.01,0.012,0.009
42344,11:45:44,-10.8773773,0.8851773,1347,0,1.035,0.45,0.427,0.357,0.339,0.313,0.295,0.287,0.287,0.272,0.236,0.225,0.204,0.195,0.21,0.151,0.123,0.093,0.086,0.088,0.074,0.074,0.057,0.046,0.069,0.012,0.009,0.009,0.006,0.006,0.006,0.006,0.005,0.005,0.007,0.006,0.004,0.005,0.005,0.005,0.004,0.011,0.008,0.007,0.007,0.007,0.01,0.01,0.013
42345,11:45:45,-10.878099,0.8859864,1347,0,1.035,0.448,0.426,0.357,0.34,0.313,0.295,0.287,0.287,0.274,0.237,0.225,0.204,0.195,0.211,0.15,0.124,0.092,0.085,0.088,0.074,0.074,0.055,0.046,0.063,0.01,0.01,0.007,0.005,0.006,0.005,0.005,0.004,0.003,0.006,0.004,0.003,0.003,0.004,0.003,0.003,0.006,0.009,0.009,0.008,0.012,0.005,0.013,0.012
42346,11:45:46,-10.8788289,0.8867289,1347,0,1.035,0.446,0.426,0.357,0.339,0.312,0.294,0.286,0.286,0.273,0.235,0.224,0.203,0.194,0.209,0.15,0.124,0.091,0.084,0.086,0.073,0.071,0.05,0.046,0.056,0.01,0.01,0.007,0.005,0.006,0.005,0.005,0.004,0.003,0.006,0.004,0.003,0.004,0.004,0.002,0.003,0.006,0.008,0.008,0.008,0.007,0.011,0.01,0.01
42347,11:45:47,-10.8795526,0.8874526,1347.7,0,1.035,0.45,0.426,0.357,0.341,0.313,0.295,0.288,0.288,0.274,0.237,0.225,0.204,0.195,0.21,0.151,0.123,0.094,0.086,0.087,0.073,0.071,0.05,0.047,0.06,0.015,0.011,0.011,0.008,0.008,0.009,0.007,0.007,0.007,0.01,0.008,0.006,0.007,0.006,0.006,0.005,0.016,0.008,0.007,0.008,0.007,0.008,0.015,0.014
42348,11:45:48,-10.8807609,0.8887209,1348.6,0,1.035,0.452,0.429,0.359,0.341,0.314,0.297,0.289,0.288,0.276,0.237,0.226,0.205,0.196,0.211,0.152,0.125,0.094,0.086,0.087,0.074,0.073,0.057,0.05,0.063,0.012,0.012,0.009,0.006,0.006,0.005,0.006,0.004,0.004,0.007,0.004,0.005,0.003,0.005,0.003,0.003,0.008,0.008,0.007,0.008,0.007,0.007,0.01,0.011
42349,11:45:49,-10.8818061,0.8898061,1348.5,0,1.035,0.447,0.424,0.357,0.339,0.312,0.294,0.287,0.287,0.273,0.235,0.224,0.204,0.194,0.209,0.15,0.123,0.091,0.085,0.085,0.072,0.072,0.051,0.044,0.058,0.016,0.013,0.012,0.009,0.009,0.009,0.009,0.009,0.007,0.008,0.007,0.005,0.006,0.008,0.005,0.005,0.008,0.009,0.009,0.01,0.007,0.017,0.01,0.025
42350,11:45:50,-10.882532,0.890532,1348,0,1.035,0.447,0.424,0.357,0.339,0.312,0.294,0.287,0.287,0.273,0.235,0.224,0.204,0.194,0.209,0.15,0.123,0.091,0.085,0.085,0.072,0.072,0.051,0.044,0.058,0.016,0.013,0.012,0.009,0.009,0.009,0.009,0.009,0.007,0.008,0.007,0.005,0.006,0.008,0.005,0.005,0.008,0.009,0.009,0.01,0.007,0.017,0.01,0.025
42351,11:45:51,-10.8832633,0.8912633,1347.7,0,1.035,0.452,0.424,0.357,0.339,0.313,0.295,0.286,0.286,0.274,0.236,0.224,0.204,0.194,0.209,0.15,0.122,0.091,0.084,0.086,0.073,0.072,0.05,0.047,0.063,0.011,0.014,0.01,0.007,0.008,0.008,0.007,0.006,0.007,0.007,0.007,0.006,0.006,0.006,0.005,0.004,0.009,0.013,0.012,0.015,0.009,0.01,0.014,0.035
42352,11:45:52,-10.8840159,0.8920159,1347,0,1.035,0.446,0.423,0.355,0.338,0.311,0.293,0.286,0.285,0.272,0.234,0.223,0.202,0.194,0.208,0.149,0.122,0.091,0.085,0.086,0.073,0.072,0.053,0.047,0.069,0.021,0.018,0.019,0.014,0.015,0.014,0.013,0.014,0.012,0.012,0.011,0.01,0.01,0.01,0.009,0.009,0.013,0.008,0.007,0.01,0.009,0.018,0.01,0.009
42353,11:45:53,-10.8848148,0.8928148,1346.9,0,1.035,0.448,0.423,0.356,0.337,0.311,0.294,0.286,0.285,0.273,0.234,0.223,0.203,0.194,0.21,0.149,0.124,0.093,0.085,0.086,0.074,0.072,0.051,0.047,0.06,0.014,0.011,0.012,0.009,0.009,0.009,0.007,0.009,0.008,0.01,0.009,0.007,0.009,0.007,0.007,0.005,0.017,0.007,0.007,0.008,0.008,0.017,0.015,0.018
42354,11:45:54,-10.8855454,0.8935454,1346,0,1.035,0.445,0.422,0.354,0.336,0.31,0.293,0.285,0.285,0.271,0.234,0.222,0.202,0.193,0.208,0.15,0.122,0.09,0.084,0.085,0.073,0.071,0.052,0.045,0.059,0.014,0.014,0.012,0.009,0.01,0.01,0.01,0.009,0.008,0.008,0.008,0.008,0.007,0.007,0.006,0.005,0.01,0.009,0.007,0.008,0.007,0.005,0.01,0.016
42355,11:45:55,-10.8862668,0.8942668,1346,0,1.035,0.445,0.42,0.354,0.338,0.31,0.293,0.285,0.284,0.271,0.233,0.222,0.201,0.193,0.208,0.149,0.122,0.091,0.084,0.085,0.074,0.07,0.053,0.047,0.065,0.011,0.009,0.008,0.006,0.006,0.006,0.005,0.004,0.005,0.007,0.006,0.003,0.005,0.004,0.003,0.004,0.014,0.007,0.008,0.007,0.007,0.01,0.012,0.009
42356,11:45:56,-10.8869976,0.8949976,1346,0,1.035,0.445,0.42,0.353,0.336,0.309,0.291,0.284,0.283,0.271,0.233,0.221,0.201,0.192,0.208,0.149,0.122,0.09,0.083,0.084,0.072,0.069,0.053,0.044,0.058,0.01,0.011,0.008,0.006,0.006,0.005,0.006,0.004,0.004,0.006,0.004,0.004,0.003,0.004,0.004,0.004,0.006,0.008,0.008,0.009,0.008,0.005,0.014,0.014
42357,11:45:57,-10.8877289,0.8958075,1345.2,0,1.035,0.444,0.419,0.352,0.334,0.307,0.29,0.282,0.282,0.268,0.231,0.22,0.199,0.191,0.206,0.148,0.121,0.088,0.082,0.084,0.072,0.068,0.051,0.038,0.059,0.011,0.011,0.01,0.007,0.008,0.008,0.008,0.007,0.007,0.007,0.007,0.007,0.005,0.005,0.004,0.003,0.011,0.008,0.007,0.007,0.007,0.005,0.01,0.021
42358,11:45:58,-10.8884526,0.8965526,1345,0,1.035,0.443,0.418,0.351,0.334,0.306,0.289,0.281,0.281,0.268,0.231,0.218,0.199,0.19,0.205,0.146,0.118,0.093,0.083,0.085,0.072,0.07,0.049,0.048,0.067,0.014,0.01,0.011,0.008,0.008,0.008,0.007,0.007,0.007,0.009,0.007,0.005,0.006,0.005,0.005,0.005,0.016,0.008,0.008,0.007,0.007,0.006,0.013,0.012
42359,11:45:59,-10.8897209,0.8978209,1344.4,0,1.035,0.441,0.421,0.351,0.334,0.308,0.29,0.283,0.282,0.27,0.232,0.22,0.2,0.191,0.207,0.147,0.121,0.091,0.083,0.085,0.071,0.07,0.051,0.047,0.064,0.011,0.01,0.008,0.007,0.006,0.006,0.006,0.004,0.004,0.007,0.004,0.004,0.005,0.004,0.003,0.005,0.007,0.008,0.01,0.009,0.007,0.005,0.02,0.011
42360,11:46:00,-10.8908117,0.8989117,1344,0,1.035,0.444,0.419,0.351,0.334,0.307,0.289,0.282,0.282,0.268,0.23,0.219,0.199,0.19,0.206,0.146,0.121,0.09,0.083,0.084,0.072,0.07,0.051,0.044,0.063,0.01,0.009,0.007,0.005,0.005,0.005,0.005,0.003,0.004,0.006,0.005,0.003,0.004,0.004,0.003,0.004,0.013,0.008,0.008,0.007,0.008,0.012,0.018,0.01
42361,11:46:01,-10.8915383,0.8996383,1344,0,1.035,0.444,0.419,0.351,0.334,0.307,0.289,0.282,0.282,0.268,0.23,0.219,0.199,0.19,0.206,0.146,0.121,0.09,0.083,0.084,0.072,0.07,0.051,0.044,0.063,0.01,0.009,0.007,0.005,0.005,0.005,0.005,0.003,0.004,0.006,0.005,0.003,0.004,0.004,0.003,0.004,0.013,0.008,0.008,0.007,0.008,0.012,0.018,0.01
42986,11:56:26,-11.4273209,1.4445209,1217,0,1.037,0.497,0.471,0.396,0.376,0.346,0.326,0.317,0.317,0.301,0.259,0.247,0.225,0.212,0.229,0.162,0.132,0.096,0.091,0.089,0.075,0.077,0.053,0.042,0.059,0.01,0.01,0.007,0.005,0.006,0.005,0.005,0.004,0.003,0.006,0.004,0.003,0.003,0.004,0.003,0.003,0.006,0.008,0.009,0.007,0.011,0.005,0.014,0.014
42987,11:56:27,-11.4284117,1.4456632,1214.5,1,1.037,0.511,0.486,0.41,0.391,0.361,0.341,0.332,0.331,0.316,0.275,0.263,0.239,0.229,0.245,0.18,0.148,0.112,0.104,0.102,0.088,0.089,0.07,0.057,0.077,0.011,0.01,0.009,0.007,0.007,0.007,0.007,0.007,0.007,0.009,0.006,0.006,0.006,0.006,0.005,0.005,0.012,0.01,0.011,0.009,0.008,0.011,0.021,0.017
42988,11:56:28,-11.4291383,1.4464383,1213.2,1,1.037,0.511,0.486,0.41,0.391,0.361,0.341,0.332,0.331,0.316,0.275,0.263,0.239,0.229,0.245,0.18,0.148,0.112,0.104,0.102,0.088,0.089,0.07,0.057,0.077,0.011,0.01,0.009,0.007,0.007,0.007,0.007,0.007,0.007,0.009,0.006,0.006,0.006,0.006,0.005,0.005,0.012,0.01,0.011,0.009,0.008,0.011,0.021,0.017
42989,11:56:29,-11.4298633,1.4471962,1211.3,0,1.037,0.507,0.477,0.403,0.383,0.352,0.331,0.323,0.322,0.306,0.265,0.252,0.229,0.218,0.234,0.168,0.138,0.098,0.094,0.091,0.077,0.077,0.055,0.047,0.053,0.015,0.016,0.016,0.012,0.012,0.012,0.011,0.011,0.011,0.01,0.009,0.009,0.008,0.008,0.008,0.007,0.013,0.008,0.008,0.009,0.01,0.013,0.012,0.012
42990,11:56:30,-11.4305919,1.4479919,1209.5,0,1.037,0.504,0.478,0.402,0.382,0.351,0.332,0.322,0.322,0.307,0.264,0.252,0.23,0.217,0.233,0.166,0.137,0.097,0.095,0.089,0.074,0.079,0.051,0.038,0.053,0.015,0.012,0.011,0.007,0.008,0.007,0.007,0.006,0.006,0.007,0.007,0.006,0.006,0.005,0.003,0.005,0.01,0.007,0.007,0.007,0.008,0.014,0.01,0.01
42991,11:56:31,-11.4313148,1.4487292,1207.7,0,1.037,0.504,0.477,0.399,0.38,0.349,0.329,0.32,0.319,0.303,0.262,0.25,0.227,0.215,0.23,0.163,0.134,0.095,0.091,0.089,0.074,0.075,0.046,0.048,0.051,0.015,0.012,0.013,0.009,0.01,0.008,0.008,0.009,0.007,0.008,0.008,0.006,0.005,0.006,0.005,0.005,0.013,0.007,0.007,0.008,0.007,0.016,0.015,0.013
42992,11:56:32,-11.4320454,1.4495511,1205.9,0,1.037,0.504,0.478,0.4,0.381,0.35,0.329,0.321,0.32,0.304,0.263,0.251,0.227,0.216,0.232,0.166,0.136,0.213,0.208,0.207,0.198,0.199,0.183,0.178,0.193,0.011,0.01,0.007,0.005,0.005,0.006,0.005,0.004,0.004,0.007,0.005,0.004,0.005,0.004,0.003,0.003,0.011,0.01,0.007,0.007,0.008,0.008,0.017,0.01
42993,11:56:33,-11.4327668,1.4503627,1204.1,0,1.037,0.505,0.482,0.404,0.384,0.353,0.334,0.325,0.324,0.309,0.267,0.255,0.232,0.221,0.236,0.17,0.14,0.106,0.102,0.1,0.088,0.086,0.061,0.048,0.065,0.01,0.01,0.008,0.005,0.006,0.006,0.005,0.004,0.004,0.007,0.005,0.003,0.004,0.004,0.003,0.004,0.013,0.008,0.007,0.007,0.007,0.01,0.013,0.009
42994,11:56:34,-11.4334976,1.4510976,1202.3,0,1.037,0.504,0.478,0.401,0.379,0.349,0.33,0.32,0.32,0.305,0.262,0.25,0.227,0.215,0.231,0.165,0.134,0.096,0.092,0.09,0.075,0.076,0.048,0.042,0.055,0.015,0.012,0.013,0.009,0.01,0.008,0.008,0.009,0.008,0.009,0.008,0.006,0.006,0.006,0.004,0.005,0.013,0.007,0.007,0.009,0.007,0.014,0.016,0.012
42995,11:56:35,-11.4343075,1.4519075,1200.4,1,1.037,0.616,0.588,0.516,0.495,0.466,0.448,0.44,0.439,0.424,0.386,0.375,0.355,0.343,0.362,0.301,0.274,0.18,0.178,0.175,0.164,0.166,0.149,0.14,0.158,0.017,0.013,0.011,0.008,0.008,0.008,0.008,0.006,0.006,0.008,0.006,0.007,0.007,0.006,0.004,0.005,0.011,0.007,0.011,0.007,0.012,0.013,0.013,0.019
42996,11:56:36,-11.4350526,1.4526526,1199.3,1,1.037,0.566,0.54,0.465,0.444,0.413,0.395,0.387,0.386,0.371,0.33,0.319,0.297,0.286,0.304,0.239,0.212,0.498,0.498,0.498,0.506,0.507,0.501,0.5,0.517,0.011,0.01,0.009,0.006,0.006,0.006,0.007,0.007,0.005,0.007,0.005,0.006,0.005,0.004,0.004,0.003,0.009,0.008,0.007,0.007,0.008,0.009,0.011,0.012
42997,11:56:37,-11.4362609,1.4539209,1196.6,1,1.037,0.674,0.653,0.579,0.56,0.533,0.514,0.507,0.507,0.492,0.455,0.446,0.427,0.417,0.436,0.377,0.355,0.754,0.748,0.75,0.769,0.771,0.782,0.795,0.829,0.01,0.009,0.008,0.005,0.006,0.005,0.005,0.004,0.004,0.007,0.005,0.003,0.004,0.004,0.003,0.004,0.014,0.008,0.008,0.008,0.008,0.013,0.018,0.015
42998,11:56:38,-11.4373061,1.4550061,1194,1,1.037,0.558,0.531,0.454,0.435,0.406,0.385,0.378,0.377,0.363,0.322,0.31,0.29,0.277,0.294,0.232,0.202,0.306,0.304,0.302,0.299,0.298,0.287,0.284,0.302,0.01,0.01,0.007,0.006,0.006,0.006,0.005,0.004,0.004,0.008,0.005,0.005,0.006,0.005,0.004,0.003,0.01,0.007,0.008,0.007,0.007,0.019,0.017,0.012
42999,11:56:39,-11.438032,1.4557735,1192.2,1,1.037,0.558,0.531,0.454,0.435,0.406,0.385,0.378,0.377,0.363,0.322,0.31,0.29,0.277,0.294,0.232,0.202,0.306,0.304,0.302,0.299,0.298,0.287,0.284,0.302,0.01,0.01,0.007,0.006,0.006,0.006,0.005,0.004,0.004,0.008,0.005,0.005,0.006,0.005,0.004,0.003,0.01,0.007,0.008,0.007,0.007,0.019,0.017,0.012
43000,11:56:40,-11.4387633,1.4565633,1190.3,0,1.037,0.509,0.485,0.408,0.387,0.356,0.337,0.329,0.328,0.313,0.272,0.259,0.237,0.225,0.242,0.177,0.144,0.201,0.195,0.194,0.186,0.185,0.17,0.158,0.178,0.012,0.012,0.009,0.007,0.007,0.008,0.007,0.007,0.007,0.008,0.006,0.006,0.005,0.007,0.006,0.006,0.013,0.011,0.009,0.008,0.007,0.006,0.018,0.011
43001,11:56:41,-11.4394919,1.4572919,1188.3,1,1.037,0.772,0.746,0.677,0.66,0.632,0.614,0.607,0.608,0.593,0.56,0.551,0.533,0.525,0.545,0.491,0.473,0.198,0.192,0.19,0.18,0.181,0.161,0.155,0.168,0.012,0.01,0.008,0.006,0.006,0.007,0.006,0.005,0.005,0.007,0.006,0.005,0.006,0.004,0.003,0.003,0.012,0.01,0.007,0.007,0.008,0.006,0.02,0.01
43002,11:56:42,-11.4402292,1.4580292,1185.7,1,1.037,1.048,1.026,0.966,0.95,0.928,0.913,0.907,0.906,0.896,0.87,0.863,0.851,0.845,0.868,0.827,0.821,0.9,0.897,0.898,0.921,0.925,0.95,0.98,1.009,0.01,0.009,0.007,0.005,0.005,0.005,0.005,0.004,0.003,0.006,0.005,0.003,0.004,0.004,0.003,0.003,0.011,0.01,0.008,0.008,0.009,0.011,0.016,0.018
43003,11:56:43,-11.4410461,1.4588461,1183.9,1,1.037,1.652,1.646,1.604,1.593,1.581,1.572,1.568,1.568,1.564,1.553,1.549,1.554,1.55,1.584,1.566,1.588,1.717,1.719,1.726,1.798,1.79,1.865,1.899,1.79,0.01,0.009,0.008,0.005,0.006,0.006,0.005,0.004,0.004,0.007,0.005,0.003,0.004,0.004,0.003,0.004,0.015,0.009,0.011,0.011,0.011,0.022,0.03,0.042
43004,11:56:44,-11.4417773,1.4595773,1182.1,1,1.037,1.77,1.751,1.717,1.709,1.696,1.688,1.687,1.687,1.684,1.678,1.676,1.679,1.677,1.712,1.7,1.729,1.902,1.904,1.907,1.98,1.977,2.056,2.05,1.891,0.018,0.016,0.017,0.013,0.013,0.012,0.012,0.012,0.012,0.011,0.01,0.009,0.009,0.009,0.008,0.008,0.015,0.01,0.012,0.013,0.014,0.028,0.033,0.049
43005,11:56:45,-11.442499,1.4603864,1180.3,1,1.037,1.252,1.229,1.176,1.161,1.14,1.127,1.12,1.12,1.112,1.092,1.084,1.077,1.07,1.096,1.061,1.064,1.5,1.509,1.512,1.571,1.577,1.64,1.675,1.618,0.011,0.009,0.007,0.005,0.005,0.006,0.005,0.004,0.004,0.007,0.005,0.003,0.004,0.004,0.003,0.003,0.011,0.01,0.01,0.01,0.01,0.016,0.024,0.034
43006,11:56:46,-11.4432289,1.4611289,1178.4,1,1.037,1.747,1.732,1.693,1.683,1.674,1.664,1.663,1.662,1.659,1.653,1.648,1.653,1.65,1.681,1.668,1.69,1.084,1.08,1.084,1.115,1.118,1.146,1.164,1.193,0.012,0.011,0.009,0.007,0.007,0.008,0.007,0.007,0.007,0.008,0.007,0.007,0.007,0.007,0.006,0.004,0.013,0.009,0.009,0.009,0.008,0.014,0.023,0.022
43007,11:56:47,-11.4439526,1.4618526,1176.6,1,1.037,1.831,1.816,1.783,1.773,1.761,1.755,1.752,1.753,1.747,1.742,1.739,1.743,1.744,1.776,1.763,1.788,1.812,1.816,1.83,1.901,1.914,1.974,2.019,1.855,0.016,0.012,0.013,0.009,0.01,0.008,0.009,0.01,0.009,0.009,0.009,0.007,0.007,0.006,0.004,0.005,0.015,0.01,0.012,0.013,0.012,0.024,0.035,0.047
43008,11:56:48,-11.4452209,1.4631209,1173,1,1.037,2.164,2.146,2.126,2.12,2.114,2.11,2.111,2.109,2.11,2.115,2.11,2.128,2.127,2.162,2.163,2.208,1.322,1.329,1.329,1.383,1.383,1.439,1.446,1.465,0.02,0.018,0.015,0.012,0.012,0.012,0.012,0.013,0.011,0.011,0.009,0.01,0.01,0.009,0.007,0.006,0.009,0.01,0.01,0.012,0.011,0.016,0.022,0.027
43009,11:56:49,-11.4463061,1.4642061,1170,1,1.037,0.864,0.839,0.774,0.757,0.731,0.715,0.708,0.708,0.696,0.664,0.655,0.64,0.631,0.654,0.602,0.587,1.235,1.242,1.248,1.295,1.298,1.349,1.368,1.379,0.012,0.01,0.008,0.006,0.006,0.005,0.006,0.005,0.004,0.007,0.004,0.004,0.003,0.004,0.003,0.004,0.01,0.009,0.009,0.009,0.012,0.012,0.021,0.028
43010,11:56:50,-11.447032,1.464932,1168.2,1,1.037,0.864,0.839,0.774,0.757,0.731,0.715,0.708,0.708,0.696,0.664,0.655,0.64,0.631,0.654,0.602,0.587,1.235,1.242,1.248,1.295,1.298,1.349,1.368,1.379,0.012,0.01,0.008,0.006,0.006,0.005,0.006,0.005,0.004,0.007,0.004,0.004,0.003,0.004,0.003,0.004,0.01,0.009,0.009,0.009,0.012,0.012,0.021,0.028
43011,11:56:51,-11.4477633,1.4656962,1166,1,1.037,1.227,1.203,1.146,1.131,1.111,1.097,1.091,1.091,1.082,1.062,1.053,1.045,1.037,1.064,1.025,1.024,1.785,1.794,1.798,1.869,1.874,1.967,2.014,1.827,0.01,0.01,0.007,0.005,0.005,0.005,0.005,0.004,0.004,0.007,0.004,0.004,0.005,0.005,0.004,0.005,0.009,0.011,0.011,0.012,0.013,0.027,0.031,0.047
43012,11:56:52,-11.4484919,1.4664919,1163.5,1,1.037,1.923,1.916,1.882,1.877,1.864,1.857,1.858,1.858,1.856,1.851,1.849,1.856,1.853,1.889,1.881,1.911,1.895,1.904,1.905,1.985,1.996,2.074,2.088,1.883,0.01,0.009,0.007,0.005,0.005,0.005,0.005,0.004,0.003,0.006,0.004,0.003,0.004,0.004,0.003,0.004,0.011,0.01,0.013,0.012,0.013,0.024,0.035,0.05
43013,11:56:53,-11.4492148,1.4672148,1161.7,1,1.037,2.305,2.296,2.281,2.275,2.272,2.268,2.267,2.267,2.269,2.276,2.277,2.287,2.288,2.328,2.329,2.369,2.33,2.335,2.343,2.426,2.435,2.562,2.37,2.262,0.015,0.012,0.013,0.01,0.01,0.01,0.008,0.01,0.009,0.01,0.009,0.008,0.01,0.009,0.009,0.007,0.021,0.013,0.017,0.018,0.019,0.047,0.054,0.096
43014,11:56:54,-11.4499518,1.4679461,1159.9,1,1.037,3.059,3.068,3.078,3.077,3.088,3.09,3.096,3.099,3.107,3.13,3.134,3.167,3.169,3.215,3.249,3.312,3.236,3.291,3.338,3.367,3.455,3.361,3.108,2.673,0.017,0.015,0.013,0.009,0.01,0.009,0.009,0.009,0.009,0.009,0.007,0.007,0.006,0.005,0.004,0.005,0.034,0.03,0.043,0.048,0.048,0.113,0.163,0.206
43015,11:56:55,-11.4507745,1.4686773,1158.1,1,1.037,2.894,2.897,2.905,2.904,2.91,2.909,2.915,2.917,2.927,2.948,2.95,2.97,2.976,3.021,3.032,3.091,1.038,1.037,1.041,1.065,1.062,1.102,1.094,1.128,0.019,0.012,0.008,0.007,0.007,0.006,0.006,0.005,0.005,0.007,0.006,0.004,0.005,0.004,0.003,0.007,0.007,0.008,0.008,0.01,0.01,0.021,0.029,0.025
43016,11:56:56,-11.451499,1.4694864,1155.4,1,1.037,2.448,2.446,2.435,2.432,2.432,2.432,2.433,2.434,2.436,2.448,2.449,2.47,2.471,2.511,2.52,2.57,3.315,3.353,3.466,3.458,3.596,3.461,3.186,2.847,0.016,0.018,0.015,0.012,0.012,0.011,0.013,0.013,0.012,0.013,0.009,0.011,0.011,0.01,0.009,0.009,0.035,0.032,0.051,0.058,0.056,0.116,0.188,0.365
43017,11:56:57,-11.4522289,1.4702289,1153.4,1,1.037,2.795,2.78,2.767,2.76,2.754,2.751,2.749,2.747,2.748,2.743,2.742,2.748,2.745,2.778,2.758,2.78,3.128,3.115,3.142,3.206,3.246,3.208,2.966,2.709,0.019,0.021,0.022,0.022,0.022,0.021,0.024,0.025,0.024,0.024,0.023,0.024,0.024,0.022,0.026,0.023,0.044,0.03,0.041,0.04,0.043,0.087,0.156,0.234
43018,11:56:58,-11.4530917,1.4711039,1151.2,1,1.037,2.795,2.78,2.767,2.76,2.754,2.751,2.749,2.747,2.748,2.743,2.742,2.748,2.745,2.778,2.758,2.78,3.128,3.115,3.142,3.206,3.246,3.208,2.966,2.709,0.019,0.021,0.022,0.022,0.022,0.021,0.024,0.025,0.024,0.024,0.023,0.024,0.024,0.022,0.026,0.023,0.044,0.03,0.041,0.04,0.043,0.087,0.156,0.234
43019,11:56:59,-9999,-9999,-9999,1,-9999,-9999,-9999,-9999,-9999,-9999,-9999,-9999,-9999,-9999,-9999,-9999,-9999,-9999,-9999,-9999,-9999,-9999,-9999,-9999,-9999,-9999,-9999,-9999,-9999,-9999,-9999,-9999,-9999,-9999,-9999,-9999,-9999,-9999,-9999,-9999,-9999,-9999,-9999,-9999,-9999,-9999,-9999,-9999,-9999,-9999,-9999,-9999,-9999
43020,11:57:00,-9999,-9999,-9999,1,-9999,-9999,-9999,-9999,-9999,-9999,-9999,-9999,-9999,-9999,-9999,-9999,-9999,-9999,-9999,-9999,-9999,-9999,-9999,-9999,-9999,-9999,-9999,-9999,-9999,-9999,-9999,-9999,-9999,-9999,-9999,-9999,-9999,-9999,-9999,-9999,-9999,-9999,-9999,-9999,-9999,-9999,-9999,-9999,-9999,-9999,-9999,-9999,-9999
43021,11:57:01,-9999,-9999,-9999,1,-9999,-9999,-9999,-9999,-9999,-9999,-9999,-9999,-9999,-9999,-9999,-9999,-9999,-9999,-9999,-9999,-9999,-9999,-9999,-9999,-9999,-9999,-9999,-9999,-9999,-9999,-9999,-9999,-9999,-9999,-9999,-9999,-9999,-9999,-9999,-9999,-9999,-9999,-9999,-9999,-9999,-9999,-9999,-9999,-9999,-9999,-9999,-9999,-9999
43022,11:57:02,-9999,-9999,-9999,1,-9999,-9999,-9999,-9999,-9999,-9999,-9999,-9999,-9999,-9999,-9999,-9999,-9999,-9999,-9999,-9999,-9999,-9999,-9999,-9999,-9999,-9999,-9999,-9999,-9999,-9999,-9999,-9999,-9999,-9999,-9999,-9999,-9999,-9999,-9999,-9999,-9999,-9999,-9999,-9999,-9999,-9999,-9999,-9999,-9999,-9999,-9999,-9999,-9999
43023,11:57:03,-11.4576069,1.4756983,1139.3,1,1.037,5.445,5.472,5.335,5.311,5.274,5.252,5.241,5.251,5.236,5.188,5.188,5.172,5.164,5.173,5.159,5.141,4.02,4.587,4.06,4.003,4.435,3.967,3.481,2.847,-9999,-9999,-9999,-9999,-9999,-9999,-9999,-9999,-9999,-9999,-9999,-9999,-9999,-9999,-9999,-9999,-9999,-9999,-9999,-9999,-9999,-9999,-9999,-9999
43024,11:57:04,-11.4583597,1.4764597,1137.2,1,1.037,5.445,5.472,5.335,5.311,5.274,5.252,5.241,5.251,5.236,5.188,5.188,5.172,5.164,5.173,5.159,5.141,4.02,4.587,4.06,4.003,4.435,3.967,3.481,2.847,-9999,-9999,-9999,-9999,-9999,-9999,-9999,-9999,-9999,-9999,-9999,-9999,-9999,-9999,-9999,-9999,-9999,-9999,-9999,-9999,-9999,-9999,-9999,-9999
43025,11:57:05,-9999,-9999,-9999,1,-9999,-9999,-9999,-9999,-9999,-9999,-9999,-9999,-9999,-9999,-9999,-9999,-9999,-9999,-9999,-9999,-9999,-9999,-9999,-9999,-9999,-9999,-9999,-9999,-9999,-9999,-9999,-9999,-9999,-9999,-9999,-9999,-9999,-9999,-9999,-9999,-9999,-9999,-9999,-9999,-9999,-9999,-9999,-9999,-9999,-9999,-9999,-9999,-9999
43026,11:57:06,-11.4595038,1.4776038,1133.6,1,1.037,4.868,4.849,4.766,4.749,4.726,4.715,4.703,4.698,4.693,4.676,4.673,4.669,4.66,4.685,4.663,4.691,3.815,4.317,3.913,3.77,4.174,3.677,3.546,2.847,0.116,0.113,0.12,0.122,0.122,0.123,0.125,0.125,0.126,0.128,0.126,0.129,0.13,0.128,0.131,0.132,0.164,0.16,0.191,0.202,0.186,0.255,0.45,0.407
43027,11:57:07,-11.4603345,1.478461,1130.9,1,1.037,4.868,4.849,4.766,4.749,4.726,4.715,4.703,4.698,4.693,4.676,4.673,4.669,4.66,4.685,4.663,4.691,3.815,4.317,3.913,3.77,4.174,3.677,3.546,2.847,0.116,0.113,0.12,0.122,0.122,0.123,0.125,0.125,0.126,0.128,0.126,0.129,0.13,0.128,0.131,0.132,0.164,0.16,0.191,0.202,0.186,0.255,0.45,0.407
43028,11:57:08,-11.4613003,1.479467,1127.7,1,1.037,5.459,5.437,5.396,5.37,5.365,5.362,5.366,5.361,5.364,5.367,5.366,5.397,5.395,5.43,5.43,5.46,4.374,5.231,4.208,4.022,4.84,3.967,3.807,3.422,0.618,0.615,0.619,0.618,0.62,0.62,0.62,0.621,0.621,0.623,0.622,0.624,0.626,0.625,0.63,0.634,0.685,0.671,0.713,0.798,0.718,0.843,1.22,1.597
43029,11:57:09,-11.4622384,1.4804414,1124.7,1,1.037,5.459,5.437,5.396,5.37,5.365,5.362,5.366,5.361,5.364,5.367,5.366,5.397,5.395,5.43,5.43,5.46,4.374,5.231,4.208,4.022,4.84,3.967,3.807,3.422,0.618,0.615,0.619,0.618,0.62,0.62,0.62,0.621,0.621,0.623,0.622,0.624,0.626,0.625,0.63,0.634,0.685,0.671,0.713,0.798,0.718,0.843,1.22,1.597
43734,12:08:54,-12.0362627,2.0682627,1213.2,1,1.044,0.6,0.569,0.479,0.456,0.42,0.397,0.387,0.386,0.367,0.317,0.303,0.275,0.262,0.276,0.201,0.163,0.118,0.114,0.111,0.093,0.089,0.063,0.056,0.068,0.01,0.009,0.007,0.005,0.005,0.005,0.005,0.003,0.003,0.006,0.004,0.003,0.003,0.004,0.002,0.003,0.011,0.01,0.007,0.007,0.009,0.009,0.012,0.011
43735,12:08:55,-12.0369976,2.0690848,1209.5,1,1.044,0.608,0.578,0.49,0.467,0.431,0.407,0.398,0.397,0.379,0.33,0.313,0.286,0.274,0.289,0.213,0.175,0.127,0.12,0.118,0.098,0.097,0.074,0.061,0.085,0.014,0.013,0.013,0.01,0.01,0.009,0.009,0.01,0.01,0.011,0.009,0.007,0.008,0.008,0.008,0.009,0.017,0.008,0.009,0.009,0.009,0.018,0.014,0.022
43736,12:08:56,-12.0377973,2.0698973,1205.9,1,1.044,0.642,0.614,0.526,0.502,0.467,0.443,0.434,0.433,0.415,0.366,0.352,0.324,0.312,0.327,0.253,0.217,0.189,0.186,0.182,0.166,0.167,0.145,0.131,0.137,0.012,0.012,0.011,0.007,0.008,0.007,0.006,0.005,0.005,0.007,0.006,0.005,0.005,0.004,0.003,0.005,0.01,0.008,0.007,0.007,0.01,0.008,0.017,0.014
43737,12:08:57,-12.0386176,2.0707176,1202.3,1,1.044,0.879,0.851,0.769,0.746,0.713,0.693,0.685,0.683,0.667,0.624,0.611,0.59,0.578,0.596,0.53,0.507,0.636,0.635,0.635,0.647,0.649,0.671,0.667,0.684,0.011,0.011,0.01,0.007,0.007,0.006,0.006,0.004,0.005,0.007,0.006,0.005,0.005,0.004,0.004,0.005,0.013,0.008,0.008,0.008,0.011,0.007,0.021,0.029
43738,12:08:58,-12.0399209,2.072081,1196.2,1,1.044,0.829,0.8,0.718,0.696,0.662,0.641,0.632,0.631,0.615,0.57,0.557,0.534,0.522,0.54,0.474,0.447,0.387,0.385,0.385,0.378,0.378,0.372,0.363,0.379,0.011,0.01,0.008,0.006,0.007,0.007,0.006,0.006,0.006,0.008,0.006,0.006,0.007,0.006,0.005,0.004,0.013,0.009,0.008,0.008,0.007,0.011,0.019,0.011
43739,12:08:59,-12.0410061,2.0732569,1191,1,1.044,0.83,0.8,0.718,0.694,0.663,0.643,0.633,0.632,0.617,0.575,0.561,0.539,0.527,0.546,0.48,0.454,1.058,1.061,1.066,1.098,1.103,1.159,1.173,1.19,0.015,0.012,0.013,0.009,0.01,0.008,0.008,0.008,0.007,0.008,0.008,0.006,0.005,0.006,0.005,0.004,0.012,0.008,0.008,0.009,0.008,0.02,0.02,0.019
43740,12:09:00,-12.0417735,2.074032,1187.3,1,1.044,0.83,0.8,0.718,0.694,0.663,0.643,0.633,0.632,0.617,0.575,0.561,0.539,0.527,0.546,0.48,0.454,1.058,1.061,1.066,1.098,1.103,1.159,1.173,1.19,0.015,0.012,0.013,0.009,0.01,0.008,0.008,0.008,0.007,0.008,0.008,0.006,0.005,0.006,0.005,0.004,0.012,0.008,0.008,0.009,0.008,0.02,0.02,0.019
43741,12:09:01,-12.0425962,2.0747962,1183.7,1,1.044,1.46,1.438,1.377,1.36,1.335,1.319,1.312,1.313,1.301,1.274,1.265,1.255,1.247,1.272,1.233,1.233,0.781,0.786,0.786,0.803,0.806,0.836,0.831,0.851,0.012,0.01,0.008,0.005,0.006,0.006,0.006,0.005,0.005,0.008,0.005,0.004,0.004,0.006,0.003,0.003,0.009,0.01,0.008,0.008,0.008,0.017,0.016,0.017
43742,12:09:02,-12.0433919,2.0756159,1180,1,1.044,1.302,1.281,1.215,1.197,1.173,1.156,1.149,1.149,1.135,1.105,1.095,1.082,1.075,1.097,1.053,1.043,0.883,0.883,0.884,0.904,0.907,0.933,0.939,0.953,0.01,0.009,0.007,0.006,0.005,0.006,0.006,0.006,0.005,0.007,0.005,0.004,0.005,0.005,0.006,0.006,0.01,0.01,0.009,0.01,0.009,0.016,0.023,0.018
43743,12:09:03,-12.0441292,2.0764292,1176.4,1,1.044,0.61,0.582,0.493,0.47,0.433,0.41,0.401,0.4,0.382,0.332,0.317,0.289,0.277,0.291,0.216,0.177,0.558,0.555,0.557,0.559,0.56,0.56,0.558,0.572,0.01,0.009,0.009,0.006,0.006,0.007,0.007,0.006,0.006,0.008,0.006,0.005,0.007,0.006,0.007,0.005,0.013,0.008,0.01,0.008,0.009,0.006,0.016,0.016
43744,12:09:04,-12.0449461,2.0772518,1172.8,1,1.044,0.92,0.892,0.812,0.79,0.759,0.74,0.731,0.731,0.716,0.674,0.66,0.64,0.63,0.65,0.585,0.558,1.151,1.147,1.151,1.179,1.186,1.216,1.218,1.24,0.01,0.009,0.008,0.006,0.006,0.006,0.006,0.005,0.006,0.008,0.005,0.006,0.007,0.005,0.005,0.005,0.015,0.011,0.008,0.015,0.011,0.014,0.024,0.026
43745,12:09:05,-12.0456773,2.0780745,1169.1,1,1.044,1.658,1.636,1.579,1.565,1.544,1.529,1.525,1.524,1.515,1.493,1.483,1.476,1.471,1.5,1.461,1.466,1.961,1.971,1.983,2.058,2.065,2.199,2.1,1.932,0.015,0.011,0.01,0.007,0.008,0.007,0.006,0.006,0.005,0.007,0.007,0.005,0.005,0.004,0.003,0.005,0.011,0.013,0.013,0.015,0.01,0.03,0.042,0.04
43746,12:09:06,-12.0464864,2.078799,1165.5,1,1.045,0.765,0.733,0.651,0.628,0.593,0.572,0.563,0.561,0.545,0.498,0.485,0.462,0.449,0.466,0.395,0.364,0.716,0.715,0.716,0.732,0.735,0.751,0.747,0.764,0.011,0.01,0.011,0.008,0.007,0.006,0.006,0.005,0.005,0.008,0.006,0.005,0.005,0.004,0.005,0.005,0.014,0.008,0.008,0.008,0.01,0.007,0.022,0.03
43747,12:09:07,-12.0472289,2.0796075,1161.1,1,1.045,1.762,1.74,1.686,1.674,1.653,1.638,1.634,1.634,1.625,1.607,1.598,1.596,1.591,1.617,1.59,1.602,1.604,1.616,1.623,1.685,1.689,1.776,1.8,1.696,0.011,0.009,0.007,0.005,0.005,0.006,0.005,0.004,0.004,0.007,0.005,0.003,0.004,0.004,0.003,0.003,0.012,0.013,0.01,0.012,0.01,0.02,0.033,0.026
43748,12:09:08,-12.0480216,2.0804216,1157.2,1,1.045,1.23,1.207,1.138,1.119,1.094,1.077,1.07,1.069,1.055,1.023,1.015,0.999,0.99,1.014,0.963,0.953,1.69,1.691,1.695,1.76,1.766,1.863,1.882,1.742,0.011,0.01,0.008,0.007,0.007,0.006,0.007,0.007,0.006,0.008,0.006,0.005,0.006,0.006,0.005,0.005,0.013,0.013,0.012,0.013,0.009,0.02,0.037,0.031
43749,12:09:09,-12.0493209,2.0817209,1151.2,1,1.045,2.382,2.37,2.34,2.334,2.323,2.319,2.318,2.316,2.314,2.31,2.308,2.317,2.312,2.35,2.332,2.361,2.449,2.438,2.445,2.544,2.54,2.688,2.462,2.263,0.01,0.009,0.007,0.005,0.005,0.006,0.006,0.006,0.005,0.007,0.004,0.003,0.005,0.004,0.004,0.006,0.017,0.019,0.02,0.024,0.018,0.046,0.073,0.066
43750,12:09:10,-12.0504569,2.0828569,1145.5,1,1.045,1.887,1.874,1.826,1.814,1.798,1.786,1.785,1.785,1.776,1.763,1.757,1.756,1.749,1.784,1.756,1.774,1.165,1.169,1.171,1.212,1.21,1.268,1.274,1.291,0.019,0.017,0.013,0.01,0.011,0.01,0.009,0.008,0.01,0.009,0.007,0.01,0.008,0.006,0.006,0.007,0.011,0.009,0.011,0.009,0.019,0.014,0.019,0.017
43751,12:09:11,-12.051232,2.0836735,1141.3,1,1.045,1.887,1.874,1.826,1.814,1.798,1.786,1.785,1.785,1.776,1.763,1.757,1.756,1.749,1.784,1.756,1.774,1.165,1.169,1.171,1.212,1.21,1.268,1.274,1.291,0.019,0.017,0.013,0.01,0.011,0.01,0.009,0.008,0.01,0.009,0.007,0.01,0.008,0.006,0.006,0.007,0.011,0.009,0.011,0.009,0.019,0.014,0.019,0.017
43752,12:09:12,-12.0519962,2.0844633,1137.7,1,1.045,1.998,1.975,1.933,1.919,1.901,1.891,1.888,1.887,1.881,1.866,1.861,1.862,1.86,1.891,1.867,1.888,2.247,2.235,2.253,2.349,2.359,2.468,2.365,2.187,0.013,0.01,0.009,0.006,0.007,0.006,0.006,0.006,0.005,0.007,0.006,0.005,0.004,0.004,0.003,0.003,0.012,0.017,0.016,0.02,0.011,0.038,0.067,0.057
43753,12:09:13,-12.0527919,2.0852159,1134,1,1.045,2.808,2.806,2.794,2.793,2.789,2.786,2.791,2.79,2.791,2.805,2.803,2.821,2.82,2.864,2.875,2.919,3.361,3.464,3.483,3.526,3.654,3.458,3.37,2.776,0.015,0.014,0.013,0.01,0.01,0.01,0.009,0.01,0.01,0.01,0.009,0.008,0.009,0.009,0.009,0.008,0.037,0.048,0.05,0.075,0.037,0.128,0.267,0.188
43754,12:09:14,-12.0535292,2.0860148,1130.4,1,1.045,3.634,3.642,3.662,3.664,3.678,3.677,3.687,3.686,3.696,3.716,3.723,3.751,3.768,3.801,3.838,3.895,3.751,4.138,3.855,3.766,4.159,3.811,3.832,3.145,0.014,0.011,0.011,0.009,0.008,0.009,0.008,0.007,0.007,0.009,0.006,0.007,0.007,0.008,0.009,0.006,0.065,0.111,0.085,0.159,0.066,0.267,1.012,0.681
43755,12:09:15,-12.0543461,2.0867518,1126.8,1,1.045,3.409,3.389,3.402,3.408,3.414,3.42,3.424,3.426,3.431,3.449,3.456,3.481,3.486,3.531,3.546,3.609,3.213,3.296,3.317,3.336,3.424,3.412,3.275,2.945,0.012,0.01,0.009,0.006,0.007,0.007,0.007,0.006,0.007,0.008,0.005,0.006,0.008,0.006,0.006,0.007,0.031,0.042,0.043,0.059,0.031,0.1,0.215,0.332
43756,12:09:16,-12.0550773,2.0875745,1123.1,1,1.045,2.499,2.493,2.47,2.466,2.458,2.452,2.452,2.452,2.454,2.454,2.45,2.461,2.463,2.499,2.487,2.518,3.105,3.117,3.16,3.214,3.271,3.275,3.036,2.651,0.015,0.016,0.013,0.011,0.011,0.011,0.01,0.01,0.012,0.011,0.008,0.009,0.009,0.008,0.006,0.009,0.028,0.034,0.037,0.048,0.026,0.09,0.172,0.125
43757,12:09:17,-12.0558864,2.0883864,1119.5,1,1.045,3.431,3.423,3.44,3.441,3.446,3.446,3.453,3.456,3.464,3.485,3.49,3.512,3.517,3.567,3.588,3.65,3.759,4.379,4.016,3.919,4.323,3.86,4.093,2.798,0.016,0.014,0.011,0.011,0.009,0.01,0.009,0.01,0.01,0.011,0.007,0.009,0.008,0.008,0.007,0.006,0.102,0.101,0.148,0.145,0.109,0.311,3.348,0.202
43758,12:09:18,-12.0566289,2.0891289,1115.1,1,1.045,3.655,3.668,3.702,3.696,3.709,3.711,3.718,3.72,3.73,3.751,3.762,3.794,3.795,3.843,3.865,3.931,3.694,4.086,3.869,3.813,4.076,3.811,3.645,3.224,0.014,0.01,0.012,0.008,0.008,0.008,0.007,0.007,0.007,0.009,0.006,0.007,0.007,0.007,0.009,0.007,0.065,0.09,0.092,0.137,0.07,0.267,0.596,0.924
43759,12:09:19,-12.0573526,2.0899216,1111.2,1,1.045,3.184,3.194,3.19,3.19,3.189,3.192,3.197,3.195,3.199,3.216,3.217,3.241,3.241,3.282,3.29,3.341,3.623,3.797,3.791,3.663,3.939,3.653,3.493,3.082,0.016,0.015,0.014,0.012,0.01,0.011,0.012,0.011,0.012,0.012,0.009,0.011,0.01,0.01,0.009,0.008,0.051,0.07,0.082,0.108,0.055,0.162,0.468,0.539
43760,12:09:20,-12.0586209,2.0912209,1104.6,1,1.045,3.857,3.864,3.88,3.882,3.893,3.898,3.898,3.901,3.908,3.933,3.94,3.972,3.985,4.026,4.049,4.107,2.895,2.907,2.935,3.041,3.043,3.201,2.851,2.65,0.019,0.019,0.016,0.013,0.012,0.011,0.013,0.012,0.013,0.013,0.01,0.011,0.011,0.011,0.011,0.01,0.022,0.03,0.032,0.039,0.022,0.087,0.128,0.129
43761,12:09:21,-12.0597879,2.0923692,1098.4,1,1.045,3.857,3.864,3.88,3.882,3.893,3.898,3.898,3.901,3.908,3.933,3.94,3.972,3.985,4.026,4.049,4.107,2.895,2.907,2.935,3.041,3.043,3.201,2.851,2.65,0.019,0.019,0.016,0.013,0.012,0.011,0.013,0.012,0.013,0.013,0.01,0.011,0.011,0.011,0.011,0.01,0.022,0.03,0.032,0.039,0.022,0.087,0.128,0.129
43762,12:09:22,-9999,-9999,-9999,1,-9999,-9999,-9999,-9999,-9999,-9999,-9999,-9999,-9999,-9999,-9999,-9999,-9999,-9999,-9999,-9999,-9999,-9999,-9999,-9999,-9999,-9999,-9999,-9999,-9999,-9999,-9999,-9999,-9999,-9999,-9999,-9999,-9999,-9999,-9999,-9999,-9999,-9999,-9999,-9999,-9999,-9999,-9999,-9999,-9999,-9999,-9999,-9999,-9999
43763,12:09:23,-12.0615213,2.0940358,1089,1,1.045,4.113,4.063,4.018,4.01,3.993,3.991,3.991,3.994,3.982,3.98,3.974,3.979,3.979,4.019,3.996,4.016,4.014,5.228,4.222,4.079,4.809,4.427,4.75,2.95,0.017,0.013,0.008,0.006,0.006,0.006,0.008,0.006,0.007,0.01,0.005,0.006,0.008,0.006,0.008,0.009,0.195,0.318,0.289,0.425,0.33,2.141,6.218,0.284
43764,12:09:24,-12.0621363,2.0946658,1085.5,1,1.045,4.113,4.063,4.018,4.01,3.993,3.991,3.991,3.994,3.982,3.98,3.974,3.979,3.979,4.019,3.996,4.016,4.014,5.228,4.222,4.079,4.809,4.427,4.75,2.95,0.017,0.013,0.008,0.006,0.006,0.006,0.008,0.006,0.007,0.01,0.005,0.006,0.008,0.006,0.008,0.009,0.195,0.318,0.289,0.425,0.33,2.141,6.218,0.284
43765,12:09:25,-12.062556,2.095138,1082.9,1,1.045,6.029,6.04,6.092,6.122,6.13,6.135,6.161,6.156,6.167,6.223,6.222,6.302,6.278,6.362,6.394,6.439,4.095,5.085,4.2,4.079,4.632,4.427,4.367,3.909,0.091,0.054,0.017,0.021,0.016,0.019,0.012,0.018,0.012,0.018,0.022,0.018,0.023,0.025,0.041,0.066,0.27,0.343,0.388,0.364,0.29,2.141,14.508,2.154
43766,12:09:26,-12.0632206,2.0958346,1082.4,1,1.045,6.029,6.04,6.092,6.122,6.13,6.135,6.161,6.156,6.167,6.223,6.222,6.302,6.278,6.362,6.394,6.439,4.095,5.085,4.2,4.079,4.632,4.427,4.367,3.909,0.091,0.054,0.017,0.021,0.016,0.019,0.012,0.018,0.012,0.018,0.022,0.018,0.023,0.025,0.041,0.066,0.27,0.343,0.388,0.364,0.29,2.141,14.508,2.154
44018,12:13:38,-12.2628929,2.3008793,1242.6,1,1.048,5.769,5.732,5.893,5.881,5.908,5.866,5.886,5.885,5.898,5.901,5.874,5.895,5.897,5.899,5.835,5.834,4.159,5.986,4.524,4.065,4.793,4.017,3.624,3.507,-9999,-9999,-9999,-9999,-9999,-9999,-9999,-9999,-9999,-9999,-9999,-9999,-9999,-9999,-9999,-9999,-9999,-9999,-9999,-9999,-9999,-9999,-9999,-9999
44019,12:13:39,-12.2636973,2.3017097,1243.1,1,1.048,5.769,5.732,5.893,5.881,5.908,5.866,5.886,5.885,5.898,5.901,5.874,5.895,5.897,5.899,5.835,5.834,4.159,5.986,4.524,4.065,4.793,4.017,3.624,3.507,-9999,-9999,-9999,-9999,-9999,-9999,-9999,-9999,-9999,-9999,-9999,-9999,-9999,-9999,-9999,-9999,-9999,-9999,-9999,-9999,-9999,-9999,-9999,-9999
44020,12:13:40,-9999,-9999,-9999,1,-9999,-9999,-9999,-9999,-9999,-9999,-9999,-9999,-9999,-9999,-9999,-9999,-9999,-9999,-9999,-9999,-9999,-9999,-9999,-9999,-9999,-9999,-9999,-9999,-9999,-9999,-9999,-9999,-9999,-9999,-9999,-9999,-9999,-9999,-9999,-9999,-9999,-9999,-9999,-9999,-9999,-9999,-9999,-9999,-9999,-9999,-9999,-9999,-9999
44021,12:13:41,-12.2653491,2.3034303,1243.8,1,1.048,1.038,1.001,0.915,0.892,0.858,0.835,0.826,0.825,0.807,0.76,0.745,0.717,0.705,0.718,0.647,0.613,0.119,0.114,0.11,0.09,0.09,0.068,0.051,0.077,0.018,0.023,0.02,0.021,0.02,0.019,0.021,0.021,0.021,0.023,0.018,0.019,0.018,0.02,0.019,0.024,0.025,0.021,0.018,0.024,0.019,0.022,0.017,0.023
44022,12:13:42,-12.2661735,2.304232,1244,1,1.048,1.038,1.001,0.915,0.892,0.858,0.835,0.826,0.825,0.807,0.76,0.745,0.717,0.705,0.718,0.647,0.613,0.119,0.114,0.11,0.09,0.09,0.068,0.051,0.077,0.018,0.023,0.02,0.021,0.02,0.019,0.021,0.021,0.021,0.023,0.018,0.019,0.018,0.02,0.019,0.024,0.025,0.021,0.018,0.024,0.019,0.022,0.017,0.023
44023,12:13:43,-12.2669633,2.3049962,1244,1,1.048,0.588,0.558,0.469,0.444,0.409,0.386,0.377,0.375,0.357,0.308,0.293,0.266,0.253,0.268,0.194,0.159,0.112,0.107,0.106,0.084,0.084,0.059,0.045,0.056,0.011,0.01,0.008,0.007,0.007,0.008,0.006,0.008,0.006,0.008,0.007,0.007,0.009,0.006,0.006,0.003,0.013,0.008,0.008,0.007,0.007,0.017,0.022,0.013
44024,12:13:44,-12.2676919,2.3057919,1244,1,1.048,0.586,0.555,0.468,0.445,0.409,0.386,0.377,0.375,0.357,0.307,0.293,0.266,0.254,0.268,0.194,0.158,0.114,0.109,0.105,0.084,0.085,0.056,0.047,0.057,0.014,0.013,0.015,0.011,0.011,0.01,0.01,0.011,0.01,0.009,0.009,0.008,0.007,0.007,0.006,0.006,0.014,0.008,0.007,0.008,0.008,0.013,0.01,0.01
44025,12:13:45,-12.2684148,2.3065292,1244,1,1.048,0.589,0.557,0.467,0.444,0.408,0.385,0.376,0.375,0.357,0.308,0.293,0.267,0.252,0.267,0.195,0.158,0.111,0.109,0.104,0.086,0.087,0.058,0.045,0.061,0.013,0.01,0.01,0.008,0.008,0.007,0.007,0.007,0.005,0.007,0.007,0.004,0.004,0.005,0.004,0.004,0.01,0.008,0.007,0.008,0.008,0.017,0.017,0.014
44026,12:13:46,-12.2691536,2.3073546,1244,1,1.048,0.58,0.555,0.466,0.442,0.407,0.384,0.374,0.373,0.355,0.306,0.292,0.266,0.252,0.266,0.193,0.158,0.111,0.107,0.103,0.085,0.084,0.056,0.045,0.054,0.011,0.01,0.01,0.007,0.007,0.007,0.007,0.007,0.006,0.007,0.006,0.006,0.005,0.005,0.003,0.003,0.01,0.008,0.007,0.007,0.007,0.005,0.01,0.017
44389,12:19:49,-12.5812668,2.6292627,1163.2,0,1.055,0.493,0.467,0.393,0.372,0.342,0.324,0.315,0.314,0.298,0.257,0.245,0.223,0.212,0.226,0.163,0.134,0.095,0.092,0.088,0.074,0.076,0.049,0.04,0.057,0.015,0.011,0.011,0.009,0.008,0.007,0.007,0.006,0.007,0.007,0.007,0.007,0.006,0.005,0.004,0.004,0.011,0.008,0.007,0.007,0.009,0.005,0.013,0.01
44390,12:19:50,-12.5820848,2.6300848,1159.5,0,1.055,0.498,0.469,0.395,0.375,0.345,0.325,0.317,0.317,0.3,0.26,0.248,0.226,0.215,0.231,0.168,0.139,0.11,0.105,0.106,0.091,0.093,0.069,0.062,0.074,0.011,0.01,0.008,0.006,0.006,0.007,0.006,0.005,0.005,0.007,0.006,0.005,0.006,0.005,0.004,0.003,0.012,0.009,0.007,0.007,0.007,0.005,0.02,0.009
44391,12:19:51,-12.5828289,2.6309075,1154.3,0,1.055,0.493,0.468,0.391,0.373,0.341,0.322,0.314,0.314,0.298,0.256,0.245,0.222,0.211,0.227,0.164,0.134,0.112,0.108,0.108,0.093,0.095,0.07,0.064,0.075,0.011,0.01,0.008,0.006,0.007,0.007,0.006,0.006,0.005,0.008,0.007,0.006,0.008,0.006,0.005,0.003,0.013,0.008,0.007,0.007,0.007,0.014,0.019,0.012
44392,12:19:52,-12.5836216,2.6317216,1149.5,1,1.055,0.508,0.483,0.407,0.388,0.359,0.339,0.331,0.33,0.315,0.274,0.263,0.241,0.231,0.246,0.181,0.154,0.672,0.676,0.678,0.694,0.7,0.712,0.707,0.73,0.011,0.009,0.008,0.005,0.005,0.005,0.005,0.003,0.004,0.006,0.005,0.005,0.003,0.004,0.002,0.004,0.007,0.01,0.008,0.008,0.007,0.009,0.013,0.017
44393,12:19:53,-12.5849209,2.6330209,1141.4,1,1.055,0.623,0.597,0.526,0.508,0.479,0.461,0.454,0.453,0.44,0.403,0.392,0.373,0.362,0.38,0.322,0.301,0.854,0.859,0.864,0.891,0.896,0.921,0.913,0.926,0.01,0.009,0.009,0.005,0.006,0.005,0.006,0.004,0.004,0.006,0.004,0.005,0.003,0.004,0.003,0.003,0.006,0.008,0.008,0.01,0.01,0.009,0.019,0.02
44394,12:19:54,-12.5860117,2.6341632,1134.4,1,1.055,0.941,0.915,0.857,0.841,0.82,0.805,0.799,0.799,0.787,0.763,0.754,0.742,0.736,0.757,0.714,0.702,1.711,1.719,1.735,1.793,1.8,1.896,1.88,1.725,0.02,0.017,0.016,0.012,0.012,0.011,0.011,0.011,0.012,0.012,0.011,0.009,0.009,0.009,0.008,0.009,0.012,0.011,0.011,0.013,0.009,0.02,0.036,0.03
44395,12:19:55,-12.5867806,2.6349806,1129.9,1,1.055,0.941,0.915,0.857,0.841,0.82,0.805,0.799,0.799,0.787,0.763,0.754,0.742,0.736,0.757,0.714,0.702,1.711,1.719,1.735,1.793,1.8,1.896,1.88,1.725,0.02,0.017,0.016,0.012,0.012,0.011,0.011,0.011,0.012,0.012,0.011,0.009,0.009,0.009,0.008,0.009,0.012,0.011,0.011,0.013,0.009,0.02,0.036,0.03
44396,12:19:56,-12.5875633,2.6357962,1125.4,1,1.055,2.856,2.878,2.885,2.886,2.898,2.9,2.908,2.909,2.915,2.942,2.946,2.978,2.979,3.024,3.042,3.108,3.187,3.199,3.282,3.297,3.416,3.368,3.091,2.673,0.02,0.016,0.012,0.01,0.01,0.009,0.008,0.007,0.008,0.008,0.006,0.006,0.007,0.006,0.004,0.005,0.028,0.04,0.042,0.051,0.031,0.098,0.224,0.146
44397,12:19:57,-12.5883159,2.6366159,1121,1,1.055,2.905,2.911,2.927,2.932,2.941,2.944,2.95,2.95,2.959,2.985,2.987,3.016,3.021,3.062,3.083,3.142,3.019,3.072,3.067,3.195,3.195,3.222,2.852,2.584,0.021,0.018,0.013,0.012,0.011,0.01,0.009,0.009,0.01,0.01,0.008,0.01,0.009,0.007,0.007,0.008,0.023,0.034,0.033,0.045,0.03,0.084,0.143,0.111
44398,12:19:58,-12.5891148,2.6374292,1117.3,1,1.055,1.655,1.641,1.607,1.599,1.586,1.578,1.575,1.575,1.573,1.565,1.56,1.562,1.559,1.591,1.571,1.586,1.221,1.227,1.232,1.274,1.28,1.311,1.307,1.329,0.011,0.009,0.007,0.005,0.005,0.005,0.005,0.003,0.004,0.007,0.004,0.003,0.004,0.004,0.004,0.005,0.012,0.009,0.01,0.012,0.01,0.016,0.024,0.02
44399,12:19:59,-12.5898511,2.6382511,1112.7,1,1.055,1.937,1.923,1.903,1.895,1.888,1.881,1.882,1.882,1.879,1.874,1.87,1.877,1.876,1.907,1.892,1.906,0.303,0.294,0.294,0.288,0.292,0.275,0.261,0.286,0.01,0.009,0.008,0.006,0.006,0.007,0.006,0.006,0.007,0.008,0.005,0.005,0.006,0.005,0.004,0.008,0.012,0.009,0.007,0.014,0.012,0.009,0.02,0.017
44400,12:20:00,-12.5906627,2.6390627,1107.2,1,1.055,1,0.978,0.923,0.907,0.886,0.871,0.866,0.865,0.855,0.83,0.823,0.813,0.806,0.829,0.786,0.778,0.682,0.68,0.688,0.686,0.689,0.686,0.684,0.699,0.014,0.011,0.012,0.01,0.01,0.009,0.007,0.01,0.008,0.01,0.009,0.008,0.01,0.008,0.008,0.005,0.018,0.008,0.008,0.008,0.008,0.027,0.017,0.022
44401,12:20:01,-12.5913976,2.6397976,1102.6,1,1.055,1.16,1.142,1.095,1.083,1.066,1.053,1.05,1.05,1.041,1.024,1.017,1.011,1.006,1.032,0.995,0.995,1.414,1.415,1.419,1.475,1.479,1.556,1.531,1.506,0.021,0.02,0.017,0.013,0.014,0.014,0.012,0.013,0.012,0.011,0.01,0.009,0.01,0.009,0.008,0.009,0.011,0.009,0.009,0.014,0.011,0.02,0.024,0.021
44402,12:20:02,-12.5922075,2.6406075,1098.1,1,1.055,1.176,1.156,1.105,1.093,1.075,1.064,1.059,1.059,1.053,1.035,1.029,1.025,1.021,1.046,1.015,1.018,1.17,1.168,1.173,1.212,1.208,1.243,1.245,1.252,0.011,0.009,0.007,0.005,0.005,0.006,0.006,0.004,0.004,0.007,0.005,0.004,0.004,0.004,0.003,0.003,0.011,0.011,0.008,0.009,0.009,0.014,0.024,0.016
44403,12:20:03,-12.5929526,2.6414216,1093.5,1,1.055,2.272,2.263,2.255,2.255,2.257,2.258,2.259,2.261,2.265,2.281,2.282,2.305,2.307,2.347,2.357,2.406,2.084,2.073,2.104,2.171,2.178,2.256,2.207,2.008,0.012,0.011,0.008,0.007,0.007,0.008,0.006,0.008,0.006,0.008,0.007,0.007,0.008,0.006,0.005,0.003,0.015,0.014,0.014,0.017,0.01,0.031,0.056,0.045
44404,12:20:04,-12.5937497,2.6422364,1092.2,1,1.055,2.272,2.263,2.255,2.255,2.257,2.258,2.259,2.261,2.265,2.281,2.282,2.305,2.307,2.347,2.357,2.406,2.084,2.073,2.104,2.171,2.178,2.256,2.207,2.008,0.012,0.011,0.008,0.007,0.007,0.008,0.006,0.008,0.006,0.008,0.007,0.007,0.008,0.006,0.005,0.003,0.015,0.014,0.014,0.017,0.01,0.031,0.056,0.045
44808,12:26:48,-12.9317645,2.9720775,1207.8,0,1.063,0.463,0.441,0.371,0.352,0.323,0.305,0.296,0.296,0.281,0.243,0.231,0.21,0.2,0.215,0.154,0.125,0.089,0.085,0.083,0.069,0.07,0.047,0.04,0.046,0.021,0.018,0.014,0.012,0.013,0.011,0.011,0.01,0.01,0.01,0.011,0.009,0.009,0.009,0.007,0.008,0.016,0.007,0.008,0.008,0.016,0.018,0.011,0.008
44809,12:26:49,-12.9325633,2.9728633,1209,0,1.063,0.463,0.441,0.371,0.352,0.323,0.305,0.296,0.296,0.281,0.243,0.231,0.21,0.2,0.215,0.154,0.125,0.089,0.085,0.083,0.069,0.07,0.047,0.04,0.046,0.021,0.018,0.014,0.012,0.013,0.011,0.011,0.01,0.01,0.01,0.011,0.009,0.009,0.009,0.007,0.008,0.016,0.007,0.008,0.008,0.016,0.018,0.011,0.008
44810,12:26:50,-12.9333159,2.9735919,1211.2,0,1.063,0.463,0.44,0.371,0.351,0.322,0.303,0.296,0.295,0.281,0.243,0.23,0.21,0.199,0.214,0.154,0.125,0.086,0.085,0.082,0.068,0.069,0.049,0.033,0.045,0.01,0.009,0.007,0.005,0.005,0.005,0.005,0.003,0.003,0.006,0.004,0.003,0.003,0.004,0.003,0.004,0.006,0.007,0.008,0.007,0.008,0.02,0.013,0.012
44811,12:26:51,-12.9341148,2.9743148,1212.3,0,1.063,0.461,0.439,0.369,0.349,0.321,0.303,0.294,0.294,0.28,0.241,0.229,0.209,0.198,0.213,0.153,0.126,0.089,0.084,0.085,0.07,0.068,0.05,0.044,0.05,0.01,0.009,0.007,0.005,0.005,0.005,0.005,0.004,0.005,0.007,0.004,0.004,0.003,0.005,0.004,0.005,0.006,0.007,0.007,0.008,0.007,0.005,0.015,0.008
44812,12:26:52,-12.9348518,2.9750461,1214.1,0,1.063,0.461,0.438,0.369,0.348,0.32,0.302,0.294,0.293,0.279,0.241,0.229,0.209,0.198,0.214,0.154,0.125,0.088,0.084,0.082,0.068,0.069,0.045,0.039,0.045,0.011,0.012,0.011,0.008,0.009,0.008,0.007,0.007,0.008,0.008,0.008,0.006,0.007,0.006,0.005,0.006,0.012,0.008,0.009,0.014,0.009,0.016,0.01,0.028
44813,12:26:53,-12.9356745,2.9757773,1215.9,0,1.063,0.46,0.437,0.368,0.348,0.319,0.301,0.293,0.293,0.279,0.241,0.229,0.209,0.197,0.212,0.152,0.127,0.087,0.084,0.081,0.068,0.071,0.046,0.034,0.047,0.015,0.01,0.011,0.009,0.007,0.007,0.007,0.006,0.007,0.007,0.007,0.007,0.005,0.005,0.004,0.004,0.01,0.007,0.007,0.007,0.009,0.008,0.012,0.008
44814,12:26:54,-12.936399,2.976499,1216.9,0,1.063,0.459,0.436,0.367,0.348,0.318,0.3,0.292,0.292,0.278,0.239,0.227,0.209,0.197,0.211,0.152,0.126,0.085,0.083,0.082,0.067,0.069,0.046,0.037,0.05,0.01,0.009,0.007,0.005,0.005,0.005,0.005,0.004,0.003,0.006,0.004,0.003,0.003,0.004,0.003,0.003,0.01,0.009,0.007,0.007,0.01,0.008,0.01,0.013
44815,12:26:55,-12.9371289,2.9773075,1218.6,0,1.063,0.462,0.437,0.369,0.348,0.32,0.302,0.293,0.292,0.279,0.241,0.228,0.208,0.199,0.212,0.152,0.125,0.088,0.084,0.084,0.068,0.069,0.049,0.039,0.05,0.01,0.01,0.007,0.005,0.005,0.005,0.005,0.004,0.003,0.006,0.004,0.003,0.003,0.004,0.003,0.003,0.006,0.008,0.009,0.007,0.008,0.006,0.015,0.017
44816,12:26:56,-12.9379216,2.9780526,1220.4,0,1.063,0.463,0.437,0.367,0.348,0.318,0.301,0.292,0.292,0.277,0.239,0.227,0.207,0.196,0.21,0.152,0.124,0.086,0.084,0.079,0.067,0.07,0.047,0.036,0.043,0.01,0.01,0.007,0.005,0.005,0.005,0.005,0.003,0.003,0.006,0.004,0.003,0.003,0.004,0.004,0.004,0.006,0.008,0.007,0.007,0.007,0.01,0.012,0.008
44817,12:26:57,-12.9392209,2.9792609,1223.4,0,1.063,0.461,0.436,0.367,0.348,0.319,0.301,0.293,0.292,0.277,0.24,0.228,0.208,0.197,0.211,0.151,0.123,0.087,0.084,0.081,0.068,0.07,0.049,0.042,0.051,0.011,0.009,0.007,0.005,0.005,0.005,0.006,0.004,0.004,0.007,0.004,0.003,0.003,0.004,0.003,0.004,0.009,0.008,0.007,0.007,0.01,0.006,0.012,0.016
44818,12:26:58,-12.9403117,2.9803117,1226.5,0,1.063,0.457,0.437,0.368,0.348,0.319,0.301,0.293,0.292,0.278,0.24,0.228,0.208,0.197,0.212,0.152,0.125,0.088,0.083,0.083,0.067,0.069,0.047,0.037,0.053,0.011,0.009,0.007,0.005,0.005,0.005,0.006,0.004,0.004,0.007,0.004,0.003,0.003,0.004,0.003,0.004,0.009,0.008,0.007,0.007,0.01,0.006,0.012,0.016
44819,12:26:59,-12.9410806,2.9810383,1228.8,0,1.063,0.457,0.437,0.368,0.348,0.319,0.301,0.293,0.292,0.278,0.24,0.228,0.208,0.197,0.212,0.152,0.125,0.088,0.083,0.083,0.067,0.069,0.047,0.037,0.053,0.011,0.009,0.007,0.005,0.005,0.005,0.006,0.004,0.004,0.007,0.004,0.003,0.003,0.004,0.003,0.004,0.009,0.008,0.007,0.007,0.01,0.006,0.012,0.016
44820,12:27:00,-12.9418633,2.9817962,1230.3,0,1.064,0.459,0.435,0.366,0.347,0.318,0.299,0.293,0.292,0.277,0.24,0.227,0.208,0.196,0.211,0.152,0.123,0.086,0.082,0.081,0.067,0.068,0.043,0.035,0.051,0.015,0.013,0.013,0.01,0.01,0.01,0.008,0.01,0.01,0.01,0.009,0.008,0.009,0.009,0.009,0.008,0.017,0.007,0.007,0.008,0.008,0.021,0.014,0.018
44821,12:27:01,-12.9426159,2.9825919,1231.5,0,1.064,0.455,0.434,0.366,0.346,0.318,0.299,0.292,0.29,0.277,0.238,0.227,0.207,0.197,0.212,0.153,0.124,0.087,0.082,0.082,0.067,0.068,0.046,0.037,0.046,0.012,0.011,0.009,0.007,0.007,0.008,0.007,0.007,0.007,0.008,0.006,0.006,0.006,0.006,0.006,0.005,0.013,0.009,0.008,0.008,0.007,0.008,0.018,0.01
44822,12:27:02,-12.9434148,2.9833148,1233.1,0,1.064,0.456,0.433,0.365,0.345,0.317,0.299,0.291,0.29,0.277,0.239,0.227,0.206,0.196,0.211,0.151,0.125,0.088,0.084,0.081,0.067,0.069,0.05,0.045,0.051,0.02,0.017,0.018,0.013,0.014,0.013,0.012,0.013,0.012,0.011,0.011,0.009,0.01,0.01,0.009,0.009,0.013,0.007,0.007,0.009,0.009,0.016,0.01,0.008
44823,12:27:03,-12.9441511,2.9840454,1234.1,0,1.064,0.459,0.434,0.365,0.346,0.318,0.299,0.291,0.291,0.276,0.239,0.227,0.207,0.196,0.21,0.152,0.122,0.085,0.083,0.079,0.068,0.069,0.044,0.035,0.045,0.01,0.009,0.008,0.005,0.006,0.005,0.005,0.005,0.003,0.006,0.005,0.004,0.003,0.004,0.003,0.004,0.008,0.01,0.008,0.009,0.007,0.008,0.026,0.009
44824,12:27:04,-12.9449627,2.9847668,1235.9,0,1.064,0.46,0.435,0.367,0.347,0.317,0.3,0.293,0.292,0.276,0.239,0.227,0.208,0.196,0.21,0.151,0.123,0.087,0.083,0.08,0.066,0.068,0.047,0.038,0.043,0.011,0.011,0.011,0.007,0.008,0.008,0.008,0.007,0.007,0.007,0.007,0.007,0.005,0.006,0.005,0.004,0.01,0.008,0.007,0.007,0.007,0.005,0.011,0.022
44825,12:27:05,-12.9457848,2.9854976,1238.6,0,1.064,0.462,0.433,0.367,0.347,0.318,0.3,0.292,0.292,0.277,0.239,0.228,0.208,0.196,0.211,0.151,0.124,0.086,0.085,0.081,0.067,0.068,0.046,0.037,0.043,0.02,0.017,0.018,0.014,0.014,0.013,0.012,0.013,0.012,0.011,0.011,0.009,0.01,0.01,0.009,0.009,0.013,0.007,0.007,0.009,0.009,0.017,0.01,0.008
44826,12:27:06,-12.9465289,2.9863075,1240.6,0,1.064,0.46,0.436,0.367,0.346,0.319,0.3,0.292,0.292,0.278,0.239,0.228,0.208,0.197,0.211,0.152,0.123,0.086,0.083,0.081,0.066,0.068,0.047,0.04,0.05,0.01,0.009,0.007,0.005,0.005,0.005,0.005,0.004,0.003,0.006,0.004,0.003,0.003,0.004,0.002,0.004,0.007,0.007,0.008,0.008,0.007,0.006,0.015,0.018
44827,12:27:07,-12.9473216,2.9870526,1242.4,0,1.064,0.455,0.434,0.366,0.347,0.318,0.3,0.291,0.291,0.277,0.239,0.227,0.207,0.197,0.211,0.151,0.124,0.086,0.082,0.082,0.066,0.069,0.045,0.039,0.047,0.015,0.01,0.011,0.008,0.008,0.008,0.007,0.007,0.007,0.009,0.008,0.005,0.007,0.006,0.005,0.005,0.016,0.008,0.007,0.007,0.007,0.006,0.015,0.011
44828,12:27:08,-12.9486209,2.9883209,1244.8,0,1.064,0.454,0.433,0.366,0.345,0.316,0.299,0.291,0.29,0.275,0.237,0.227,0.206,0.196,0.211,0.152,0.123,0.084,0.081,0.079,0.066,0.066,0.044,0.033,0.046,0.011,0.009,0.007,0.005,0.005,0.005,0.005,0.004,0.003,0.006,0.004,0.003,0.003,0.004,0.003,0.003,0.006,0.008,0.007,0.007,0.008,0.011,0.01,0.018
44829,12:27:09,-12.9497117,2.9894117,1247,0,1.064,0.457,0.433,0.365,0.345,0.315,0.297,0.29,0.29,0.275,0.238,0.226,0.206,0.195,0.21,0.149,0.123,0.085,0.082,0.079,0.067,0.068,0.043,0.034,0.047,0.015,0.011,0.013,0.009,0.01,0.008,0.008,0.009,0.008,0.009,0.008,0.006,0.006,0.006,0.004,0.004,0.013,0.007,0.007,0.009,0.007,0.014,0.016,0.011
44830,12:27:10,-12.9504806,2.9901383,1248.8,0,1.064,0.457,0.433,0.365,0.345,0.315,0.297,0.29,0.29,0.275,0.238,0.226,0.206,0.195,0.21,0.149,0.123,0.085,0.082,0.079,0.067,0.068,0.043,0.034,0.047,0.015,0.011,0.013,0.009,0.01,0.008,0.008,0.009,0.008,0.009,0.008,0.006,0.006,0.006,0.004,0.004,0.013,0.007,0.007,0.009,0.007,0.014,0.016,0.011
44831,12:27:11,-12.9512633,2.9908962,1250.7,0,1.064,0.457,0.431,0.366,0.346,0.317,0.299,0.291,0.29,0.276,0.238,0.226,0.207,0.196,0.209,0.15,0.122,0.085,0.084,0.079,0.066,0.069,0.042,0.036,0.047,0.015,0.011,0.012,0.009,0.01,0.008,0.007,0.008,0.006,0.008,0.008,0.006,0.005,0.006,0.005,0.004,0.012,0.008,0.007,0.008,0.007,0.019,0.014,0.015
44832,12:27:12,-12.9520159,2.9916919,1252.2,0,1.064,0.457,0.43,0.363,0.343,0.315,0.297,0.289,0.289,0.275,0.236,0.225,0.206,0.194,0.209,0.15,0.121,0.085,0.082,0.079,0.064,0.067,0.043,0.035,0.044,0.01,0.009,0.007,0.005,0.005,0.005,0.005,0.003,0.003,0.006,0.004,0.003,0.003,0.004,0.002,0.004,0.007,0.008,0.007,0.007,0.009,0.008,0.01,0.008
44833,12:27:13,-12.9528292,2.9924148,1253.3,0,1.064,0.456,0.43,0.363,0.344,0.315,0.298,0.29,0.289,0.275,0.236,0.225,0.205,0.195,0.21,0.151,0.123,0.085,0.082,0.08,0.066,0.066,0.049,0.036,0.047,0.01,0.01,0.008,0.006,0.007,0.007,0.006,0.006,0.005,0.007,0.006,0.006,0.007,0.005,0.005,0.003,0.013,0.008,0.007,0.007,0.007,0.012,0.018,0.011
44834,12:27:14,-12.9536454,2.9931511,1255.1,0,1.064,0.457,0.431,0.364,0.344,0.315,0.296,0.29,0.289,0.274,0.237,0.225,0.206,0.195,0.21,0.15,0.123,0.085,0.082,0.08,0.066,0.069,0.048,0.04,0.054,0.02,0.017,0.018,0.013,0.014,0.013,0.012,0.013,0.012,0.011,0.011,0.009,0.01,0.01,0.009,0.009,0.013,0.007,0.007,0.009,0.009,0.016,0.01,0.008
44835,12:27:15,-12.9543668,2.9939627,1256.9,0,1.064,0.458,0.433,0.365,0.345,0.316,0.298,0.291,0.29,0.276,0.237,0.226,0.206,0.195,0.21,0.151,0.122,0.085,0.082,0.079,0.066,0.068,0.047,0.037,0.048,0.011,0.009,0.008,0.005,0.005,0.005,0.006,0.004,0.004,0.007,0.004,0.004,0.003,0.004,0.003,0.004,0.009,0.008,0.007,0.007,0.009,0.005,0.013,0.017
44836,12:27:16,-12.9551848,2.9946976,1257.9,0,1.064,0.457,0.434,0.366,0.345,0.316,0.299,0.291,0.29,0.277,0.238,0.227,0.207,0.196,0.21,0.152,0.125,0.088,0.084,0.081,0.067,0.069,0.047,0.041,0.05,0.01,0.01,0.007,0.005,0.005,0.005,0.005,0.003,0.003,0.006,0.004,0.003,0.005,0.004,0.003,0.003,0.006,0.007,0.008,0.007,0.007,0.02,0.015,0.025
44837,12:27:17,-12.9560075,2.9954289,1259.6,0,1.064,0.456,0.433,0.365,0.345,0.316,0.298,0.29,0.29,0.275,0.237,0.226,0.207,0.195,0.21,0.151,0.123,0.085,0.082,0.08,0.067,0.068,0.046,0.036,0.042,0.015,0.012,0.014,0.01,0.01,0.009,0.009,0.01,0.009,0.009,0.009,0.007,0.007,0.007,0.005,0.005,0.014,0.008,0.007,0.008,0.007,0.012,0.01,0.008
44838,12:27:18,-12.9567526,2.9962216,1261.4,0,1.064,0.457,0.433,0.366,0.346,0.317,0.299,0.291,0.29,0.276,0.237,0.226,0.206,0.196,0.211,0.15,0.123,0.084,0.082,0.079,0.067,0.068,0.044,0.036,0.046,0.011,0.01,0.01,0.007,0.008,0.007,0.008,0.007,0.006,0.007,0.007,0.006,0.005,0.005,0.004,0.003,0.01,0.008,0.007,0.007,0.007,0.005,0.01,0.02
44839,12:27:19,-12.9580209,2.9975209,1264.4,0,1.064,0.457,0.433,0.366,0.346,0.317,0.299,0.291,0.291,0.276,0.238,0.226,0.207,0.196,0.21,0.151,0.123,0.087,0.081,0.08,0.067,0.067,0.045,0.041,0.046,0.01,0.011,0.007,0.005,0.006,0.005,0.005,0.004,0.004,0.006,0.004,0.004,0.003,0.004,0.004,0.004,0.006,0.009,0.008,0.008,0.007,0.005,0.01,0.009
44840,12:27:20,-12.9591632,2.9986117,1267,0,1.064,0.458,0.434,0.366,0.347,0.318,0.3,0.291,0.291,0.276,0.239,0.226,0.206,0.196,0.211,0.151,0.123,0.087,0.083,0.082,0.067,0.069,0.048,0.04,0.056,0.01,0.009,0.007,0.005,0.005,0.005,0.005,0.004,0.003,0.006,0.004,0.003,0.003,0.004,0.003,0.004,0.011,0.008,0.007,0.008,0.007,0.006,0.01,0.008
44841,12:27:21,-12.9599806,2.9993383,1268.4,0,1.064,0.458,0.434,0.366,0.347,0.318,0.3,0.291,0.291,0.276,0.239,0.226,0.206,0.196,0.211,0.151,0.123,0.087,0.083,0.082,0.067,0.069,0.048,0.04,0.056,0.01,0.009,0.007,0.005,0.005,0.005,0.005,0.004,0.003,0.006,0.004,0.003,0.003,0.004,0.003,0.004,0.011,0.008,0.007,0.008,0.007,0.006,0.01,0.008
